ecv_id,domain,variable,measurement_unit,monitoring_purpose,example_platform
ECV-ATM-001,atmosphere,surface_air_temperature,degC,baseline_and_anomaly_tracking,surface_station
ECV-ATM-002,atmosphere,precipitation,mm,hydrological_variability_and_extremes,rain_gauge_network
ECV-ATM-003,atmosphere,carbon_dioxide,ppm,atmospheric_composition_and_mitigation_tracking,greenhouse_gas_station
ECV-OCE-001,ocean,sea_surface_temperature,degC,ocean_heat_and_coupled_climate_monitoring,satellite_and_buoy
ECV-OCE-002,ocean,sea_level,m,sea_level_rise_and_coastal_risk,tide_gauge_and_altimetry
ECV-LAND-001,land,soil_moisture,fraction,drought_and_land_atmosphere_exchange,soil_sensor_network
ECV-LAND-002,land,land_cover,class,land_system_change_and_exposure,satellite_product
ECV-CRYO-001,cryosphere,glacier_mass_balance,m_water_equivalent,cryosphere_change_and_water_resource_risk,glacier_station
ECV-CRYO-002,cryosphere,snow_cover_extent,km2,seasonal_snow_and_albedo_monitoring,satellite_product
