asset_id,baseline_health_score,current_health_score,loading_stress_score,thermal_stress_score,cycling_stress_score,environmental_exposure_score,last_inspection_date,maintenance_status
EN-GEN-001,0.96,0.88,0.42,0.44,0.30,0.36,2026-03-15,current
EN-TRN-001,0.95,0.74,0.78,0.66,0.38,0.52,2026-02-20,review_required
EN-DST-001,0.92,0.68,0.84,0.72,0.46,0.48,2026-02-10,review_required
EN-SUB-001,0.93,0.70,0.74,0.70,0.42,0.50,2026-01-25,review_required
EN-TRF-001,0.90,0.58,0.88,0.86,0.44,0.54,2026-01-10,review_required
EN-BAT-001,0.98,0.76,0.52,0.56,0.82,0.34,2026-03-01,review_required
EN-INV-001,0.94,0.82,0.48,0.50,0.38,0.40,2026-04-01,current
EN-MTR-001,0.91,0.80,0.32,0.36,0.22,0.30,2026-04-12,current
EN-EV-001,0.95,0.72,0.72,0.58,0.76,0.38,2026-03-20,review_required
