telemetry_id,asset_id,timestamp,available_hours,total_hours,power_served_mw,power_demand_mw,loading_percent,temperature_c,voltage_pu,current_a,efficiency_score,latency_seconds,quality_flag
TEL-EN-001,EN-GEN-001,2026-05-01T08:00:00Z,23.5,24,62,70,0.78,39,1.01,180,0.91,44,good
TEL-EN-002,EN-TRN-001,2026-05-01T08:00:00Z,22.0,24,430,455,0.92,54,1.02,640,0.88,58,review
TEL-EN-003,EN-DST-001,2026-05-01T08:00:00Z,21.0,24,38,44,0.94,61,0.96,520,0.84,67,review
TEL-EN-004,EN-SUB-001,2026-05-01T08:00:00Z,22.5,24,105,112,0.88,58,0.98,720,0.86,50,review
TEL-EN-005,EN-TRF-001,2026-05-01T08:00:00Z,20.5,24,21,25,0.96,71,0.95,610,0.80,63,review
TEL-EN-006,EN-BAT-001,2026-05-01T08:00:00Z,23.0,24,22,25,0.70,43,1.00,310,0.82,35,review
TEL-EN-007,EN-INV-001,2026-05-01T08:00:00Z,23.7,24,8,9,0.72,46,1.03,140,0.87,40,good
TEL-EN-008,EN-MTR-001,2026-05-01T08:00:00Z,22.8,24,0,0,0.50,34,1.00,0,0.90,110,review
TEL-EN-009,EN-EV-001,2026-05-01T08:00:00Z,21.5,24,4,5,0.89,48,0.97,220,0.85,75,review
